<keymap version="1" name="Visual Studio copy" parent="Visual Studio">
  <action id="ActivateFavoritesToolWindow" />
  <action id="ActivateStructureToolWindow">
    <keyboard-shortcut first-keystroke="alt 2" />
  </action>
  <action id="Back">
    <keyboard-shortcut first-keystroke="ctrl minus" />
    <keyboard-shortcut first-keystroke="ctrl subtract" />
    <mouse-shortcut keystroke="button4" />
    <keyboard-shortcut first-keystroke="ctrl b" />
    <keyboard-shortcut first-keystroke="f11" />
  </action>
  <action id="CloseAllToTheLeft">
    <keyboard-shortcut first-keystroke="shift alt open_bracket" />
  </action>
  <action id="CloseAllToTheRight">
    <keyboard-shortcut first-keystroke="shift alt close_bracket" />
  </action>
  <action id="CloseContent">
    <keyboard-shortcut first-keystroke="shift alt delete" />
  </action>
  <action id="CodeCompletion">
    <keyboard-shortcut first-keystroke="ctrl space" />
  </action>
  <action id="DecrementWindowHeight" />
  <action id="EditSource">
    <keyboard-shortcut first-keystroke="ctrl j" />
  </action>
  <action id="EditorCodeBlockEnd">
    <keyboard-shortcut first-keystroke="ctrl asterisk" />
  </action>
  <action id="EditorCodeBlockStart" />
  <action id="EditorDown">
    <keyboard-shortcut first-keystroke="down" />
    <keyboard-shortcut first-keystroke="alt k" />
  </action>
  <action id="EditorLeft">
    <keyboard-shortcut first-keystroke="left" />
    <keyboard-shortcut first-keystroke="alt j" />
  </action>
  <action id="EditorLineEnd">
    <keyboard-shortcut first-keystroke="alt close_bracket" />
  </action>
  <action id="EditorLineStart">
    <keyboard-shortcut first-keystroke="alt open_bracket" />
  </action>
  <action id="EditorPageDownWithSelection" />
  <action id="EditorPageUpWithSelection" />
  <action id="EditorRight">
    <keyboard-shortcut first-keystroke="right" />
    <keyboard-shortcut first-keystroke="alt l" />
  </action>
  <action id="EditorScrollBottom">
    <keyboard-shortcut first-keystroke="shift page_down" />
  </action>
  <action id="EditorScrollTop">
    <keyboard-shortcut first-keystroke="shift page_up" />
  </action>
  <action id="EditorToggleInsertState">
    <keyboard-shortcut first-keystroke="insert" />
    <keyboard-shortcut first-keystroke="ctrl i" />
  </action>
  <action id="EditorUp">
    <keyboard-shortcut first-keystroke="up" />
    <keyboard-shortcut first-keystroke="alt i" />
  </action>
  <action id="EmmetNextEditPoint" />
  <action id="EmmetPreviousEditPoint" />
  <action id="ExportToTextFile" />
  <action id="FileChooser.NewFolder">
    <keyboard-shortcut first-keystroke="alt insert" />
  </action>
  <action id="FileStructurePopup" />
  <action id="FileStructurePopupNew" />
  <action id="FindNext">
    <keyboard-shortcut first-keystroke="f3" />
    <keyboard-shortcut first-keystroke="ctrl alt page_down" />
  </action>
  <action id="FindPrevious">
    <keyboard-shortcut first-keystroke="shift f3" />
    <keyboard-shortcut first-keystroke="ctrl alt page_up" />
  </action>
  <action id="Forward">
    <keyboard-shortcut first-keystroke="shift ctrl subtract" />
    <keyboard-shortcut first-keystroke="ctrl n" />
  </action>
  <action id="IncrementWindowHeight" />
  <action id="MoveTabRight">
    <keyboard-shortcut first-keystroke="alt v" />
  </action>
  <action id="NewElement">
    <keyboard-shortcut first-keystroke="alt insert" />
  </action>
  <action id="NextProjectWindow" />
  <action id="NextSplitter">
    <keyboard-shortcut first-keystroke="alt period" />
  </action>
  <action id="PrevSplitter">
    <keyboard-shortcut first-keystroke="alt comma" />
  </action>
  <action id="PreviousProjectWindow" />
  <action id="ResizeToolWindowDown" />
  <action id="ResizeToolWindowUp" />
  <action id="SelectNextOccurrence" />
  <action id="StepInto" />
  <action id="UML.ShowStructure" />
  <action id="Unsplit">
    <keyboard-shortcut first-keystroke="shift alt v" />
  </action>
</keymap>